OrigZoneNo,DestZoneNo,Index,Path_Volume,Path_UnloadedTime,Path_UnloadedSpeed,Path_LoadedTime,Path_LoadedSpeed,Links_Count,Links_MinCarCapacity,Links_MaxCarCapacity,Links_AvgCarCapacity,Links_SumCarCapacity,Links_MinLength,Links_MaxLength,Links_AvgLength,Links_SumLength,Links_MinOfCars,Links_MaxOfCars,Links_AvgOfCars,Links_SumOfCars,Links_MinLoadedSpeed,Links_MaxLoadedSpeed,Links_AvgLoadedSpeed,Links_MinUnloadedTime,Links_MaxUnloadedTime,Links_AvgUnloadedTime,Links_SumUnloadedTime,Links_MinLoadedTime,Links_MaxLoadedTime,Links_AvgLoadedTime,Links_SumLoadedTime,Links_ToNodeNo,Links_FromNodeNo
10,20,1,19208.0,2min 23s,36km/h,3min 10s,27km/h,3,500,800,600,1800,0.066km,0.167km,0.111km,0.332km,179,302,234,702,28km/h,29km/h,28km/h,8s,20s,13s,40s,8s,22s,14s,43s,"2642,153,3111","3412,2642,153"
10,20,2,1064.0,2min 14s,38km/h,3min 10s,27km/h,3,500,800,600,1800,0.055km,0.327km,0.183km,0.549km,221,256,238,713,27km/h,29km/h,28km/h,7s,39s,22s,1min 6s,7s,43s,24s,1min 12s,"2645,153,3111","3064,2645,153"
10,30,1,36624.0,2min,38km/h,2min 22s,32km/h,3,500,800,600,1800,0.090km,0.252km,0.171km,0.513km,271,295,285,856,25km/h,29km/h,26km/h,11s,30s,21s,1min 2s,13s,35s,23s,1min 10s,"138,3351,162","137,138,3351"
10,40,1,18483.0,3min 5s,29km/h,3min 32s,26km/h,7,500,2000,971,6800,0.051km,0.183km,0.120km,0.840km,76,703,305,2137,27km/h,30km/h,29km/h,6s,22s,14s,1min 41s,6s,24s,15s,1min 45s,"10000658,3081,2649,130,139,140,3389","3064,10000658,3081,2649,130,139,140"
10,40,2,0.481,2min 59s,32km/h,3min 32s,27km/h,5,500,2000,860,4300,0.051km,0.379km,0.193km,0.967km,143,703,344,1718,21km/h,29km/h,27km/h,6s,45s,23s,1min 56s,6s,47s,27s,2min 14s,"3404,130,139,140,3389","3077,3404,130,139,140"
10,40,3,0.038,3min 2s,31km/h,3min 32s,27km/h,6,500,2000,1150,6900,0.029km,0.183km,0.114km,0.686km,228,801,487,2920,15km/h,29km/h,26km/h,3s,22s,14s,1min 22s,6s,24s,15s,1min 30s,"138,2649,130,139,140,3389","137,138,2649,130,139,140"
10,50,1,27462.0,2min 9s,34km/h,5min 2s,15km/h,5,500,1000,720,3600,0.024km,0.319km,0.145km,0.725km,311,355,320,1600,24km/h,57km/h,32km/h,3s,26s,14s,1min 8s,3s,28s,15s,1min 15s,"2651,104,954,3332,3333","3082,2651,104,954,3332"
10,60,1,24591.0,3min,27km/h,5min 56s,14km/h,11,500,2000,864,9500,0.013km,0.323km,0.111km,1.216km,254,2792,764,8405,13km/h,29km/h,22km/h,1s,34s,12s,2min 8s,3s,1min 10s,19s,3min 27s,"3400,3068,156604566,3714,944,945,939,943,156604571,122,128","3401,3400,3068,156604566,3714,944,945,939,943,156604571,122"
10,60,2,0.607,2min 58s,31km/h,5min 56s,15km/h,11,500,2000,891,9800,0.013km,0.323km,0.096km,1.056km,287,2792,786,8649,13km/h,29km/h,22km/h,1s,23s,10s,1min 49s,3s,1min 10s,17s,3min 7s,"3400,3068,156604566,3714,944,945,939,943,156604571,122,2947","3401,3400,3068,156604566,3714,944,945,939,943,156604571,122"
10,70,1,16280.0,2min 18s,39km/h,3min 23s,27km/h,3,500,800,600,1800,0.114km,0.133km,0.123km,0.369km,16,207,134,402,28km/h,30km/h,29km/h,14s,16s,15s,44s,15s,16s,15s,45s,"2643,163,3413","3412,2643,163"
10,80,1,14229.0,4min 49s,29km/h,5min 33s,25km/h,9,500,2000,767,6900,0.051km,0.379km,0.159km,1.434km,30,703,280,2519,21km/h,30km/h,28km/h,6s,45s,19s,2min 52s,6s,47s,21s,3min 12s,"3404,130,139,140,2784,141,142,2753,3094","3077,3404,130,139,140,2784,141,142,2753"
10,80,2,0.415,4min 55s,28km/h,5min 34s,24km/h,11,500,2000,855,9400,0.051km,0.179km,0.119km,1.307km,30,703,267,2938,25km/h,30km/h,29km/h,6s,21s,14s,2min 37s,6s,23s,15s,2min 43s,"10000658,3081,2649,130,139,140,2784,141,142,2753,3094","3064,10000658,3081,2649,130,139,140,2784,141,142,2753"
10,80,3,1356.0,4min 52s,28km/h,5min 33s,25km/h,10,500,2000,950,9500,0.029km,0.179km,0.115km,1.153km,30,801,372,3722,15km/h,30km/h,27km/h,3s,21s,14s,2min 18s,6s,23s,15s,2min 28s,"138,2649,130,139,140,2784,141,142,2753,3094","137,138,2649,130,139,140,2784,141,142,2753"
10,90,1,5498.0,5min 56s,29km/h,6min 50s,25km/h,14,500,4200,979,13700,0.023km,0.379km,0.161km,2.258km,74,3535,597,8358,21km/h,38km/h,27km/h,3s,45s,19s,4min 25s,4s,47s,22s,5min 13s,"3404,130,3079,3080,103,3331,156604538,156604544,3330,156604541,156604542,2949,127,10000661","3077,3404,130,3079,3080,103,3331,156604538,156604544,3330,156604541,156604542,2949,127"
10,90,2,13115.0,4min 14s,30km/h,6min 50s,19km/h,11,500,4200,1064,11700,0.024km,0.319km,0.146km,1.610km,74,3535,603,6638,24km/h,57km/h,33km/h,2s,32s,15s,2min 47s,3s,39s,17s,3min 10s,"2651,104,954,3332,3333,3330,156604541,156604542,2949,127,10000661","3082,2651,104,954,3332,3333,3330,156604541,156604542,2949,127"
10,90,3,11698.0,5min 15s,30km/h,6min 50s,23km/h,17,500,4200,1512,25700,0.019km,0.379km,0.121km,2.049km,65,3580,1081,18376,21km/h,40km/h,29km/h,2s,45s,14s,3min 52s,2s,47s,16s,4min 35s,"3404,130,3079,3080,103,3331,156604538,156604544,3330,156604541,956,156604539,101,2950,113,114,1000413","3077,3404,130,3079,3080,103,3331,156604538,156604544,3330,156604541,956,156604539,101,2950,113,114"
10,90,4,0.598,5min 15s,29km/h,6min 50s,22km/h,13,500,4200,1015,13200,0.023km,0.379km,0.151km,1.957km,125,3535,612,7954,21km/h,38km/h,27km/h,3s,45s,18s,3min 49s,4s,47s,21s,4min 32s,"3404,130,3079,3080,103,3331,156604538,156604544,3330,156604541,156604542,2949,1000413","3077,3404,130,3079,3080,103,3331,156604538,156604544,3330,156604541,156604542,2949"
10,100,1,18289.0,3min 35s,30km/h,7min 40s,14km/h,13,500,2000,908,11800,0.013km,0.323km,0.106km,1.381km,213,2792,831,10803,13km/h,29km/h,22km/h,1s,23s,10s,2min 11s,3s,1min 10s,19s,4min 12s,"3400,3068,156604566,3714,944,945,939,943,156604571,122,2655,123,1000075","3401,3400,3068,156604566,3714,944,945,939,943,156604571,122,2655,123"
10,100,2,0.146,4min 55s,24km/h,7min 40s,15km/h,11,500,800,718,7900,0.024km,0.256km,0.138km,1.516km,84,600,353,3882,21km/h,30km/h,26km/h,3s,31s,17s,3min 2s,3s,31s,19s,3min 33s,"2651,104,954,3332,951,105,2657,124,167,171,1058","3082,2651,104,954,3332,951,105,2657,124,167,171"
10,110,1,24745.0,4min 34s,34km/h,9min 50s,16km/h,17,500,2000,1000,17000,0.013km,0.389km,0.132km,2.250km,287,2792,944,16054,13km/h,43km/h,23km/h,1s,28s,11s,3min 9s,3s,1min 10s,22s,6min 20s,"3400,3068,156604566,3714,944,945,939,943,156604571,122,2655,123,2946,164,1000093,500,1000102","3401,3400,3068,156604566,3714,944,945,939,943,156604571,122,2655,123,2946,164,1000093,500"
10,110,2,11960.0,5min 59s,26km/h,9min 50s,16km/h,13,500,800,754,9800,0.024km,0.422km,0.158km,2.049km,311,708,510,6631,18km/h,28km/h,23km/h,3s,51s,19s,4min 6s,3s,56s,25s,5min 30s,"2651,104,954,3332,951,105,2657,124,168,2932,165,129,520","3082,2651,104,954,3332,951,105,2657,124,168,2932,165,129"
10,120,1,15453.0,5min 47s,28km/h,9min 57s,16km/h,12,500,800,750,9000,0.018km,0.447km,0.149km,1.782km,311,600,416,4996,21km/h,28km/h,25km/h,2s,54s,18s,3min 34s,2s,58s,21s,4min 13s,"2651,104,954,3332,951,105,2657,124,1000011,166,606,607","3082,2651,104,954,3332,951,105,2657,124,1000011,166,606"
10,130,1,31038.0,7min 22s,35km/h,12min 50s,20km/h,24,500,2000,1117,26800,0.013km,0.389km,0.165km,3.952km,209,2792,885,21248,13km/h,45km/h,26km/h,1s,47s,15s,5min 50s,3s,1min 10s,24s,9min 25s,"3400,3068,156604566,3714,944,945,939,943,156604571,122,2655,123,2946,164,1000093,500,1000102,2560,502,1000101,504,509,507,506","3401,3400,3068,156604566,3714,944,945,939,943,156604571,122,2655,123,2946,164,1000093,500,1000102,2560,502,1000101,504,509,507"
10,130,2,25928.0,7min 29s,37km/h,12min 50s,22km/h,25,500,2000,1260,31500,0.013km,0.423km,0.171km,4.280km,165,2792,915,22879,13km/h,49km/h,29km/h,1s,51s,14s,5min 55s,3s,1min 10s,23s,9min 23s,"3400,3068,156604566,3714,944,945,939,943,156604571,122,2655,123,2946,164,1000093,500,1000102,2560,502,1000101,504,505,534,535,506","3401,3400,3068,156604566,3714,944,945,939,943,156604571,122,2655,123,2946,164,1000093,500,1000102,2560,502,1000101,504,505,534,535"
10,140,1,35722.0,8min 49s,27km/h,12min 47s,19km/h,18,500,800,767,13800,0.009km,0.679km,0.184km,3.319km,236,600,371,6678,21km/h,29km/h,26km/h,1s,1min 21s,22s,6min 38s,1s,1min 26s,25s,7min 25s,"2651,104,954,3332,951,105,2657,124,1000011,166,606,607,1000012,2666,608,621,622,1000015","3082,2651,104,954,3332,951,105,2657,124,1000011,166,606,607,1000012,2666,608,621,622"
10,150,1,10168.0,8min 57s,35km/h,11min 54s,27km/h,28,500,4200,2079,58200,0.019km,0.361km,0.152km,4.266km,47,4444,1373,38436,21km/h,60km/h,34km/h,1s,43s,13s,6min 15s,2s,43s,17s,7min 43s,"10000658,3081,2649,130,139,2743,2744,2746,119,3324,118,931,935,936,938,678,116,601,1000028,602,613,2660,1000030,614,616,1000032,618,2908","3064,10000658,3081,2649,130,139,2743,2744,2746,119,3324,118,931,935,936,938,678,116,601,1000028,602,613,2660,1000030,614,616,1000032,618"
10,150,2,5171.0,8min 7s,39km/h,11min 54s,27km/h,28,500,4200,2314,64800,0.019km,0.379km,0.155km,4.347km,143,3580,1858,52020,20km/h,42km/h,33km/h,1s,45s,13s,6min 7s,2s,47s,18s,8min 33s,"3404,130,3079,3080,103,3331,156604538,156604544,3330,156604541,956,156604539,101,929,938,678,116,601,1000028,602,613,2660,1000030,614,616,1000032,618,2908","3077,3404,130,3079,3080,103,3331,156604538,156604544,3330,156604541,956,156604539,101,929,938,678,116,601,1000028,602,613,2660,1000030,614,616,1000032,618"
10,150,3,0.614,6min 34s,43km/h,11min 54s,24km/h,28,500,4200,2461,68900,0.019km,0.361km,0.148km,4.157km,275,3580,1956,54777,20km/h,57km/h,36km/h,1s,26s,11s,4min 54s,2s,45s,15s,7min 12s,"2651,104,954,3332,3333,3330,156604541,956,156604539,101,929,938,678,116,601,1000028,602,613,2660,1000030,614,616,1000032,618,627,626,2678,625","3082,2651,104,954,3332,3333,3330,156604541,956,156604539,101,929,938,678,116,601,1000028,602,613,2660,1000030,614,616,1000032,618,627,626,2678"
10,150,4,0.274,8min 43s,39km/h,11min 54s,28km/h,31,500,4200,2223,68900,0.019km,0.447km,0.167km,5.190km,111,3580,1772,54938,20km/h,43km/h,33km/h,1s,45s,14s,7min 11s,2s,1min 7s,20s,10min 16s,"3404,130,3079,3080,103,3331,156604538,156604544,3330,156604541,956,156604539,101,929,938,678,116,601,1000028,602,613,2660,1000030,614,616,1000032,618,627,624,2676,2893","3077,3404,130,3079,3080,103,3331,156604538,156604544,3330,156604541,956,156604539,101,929,938,678,116,601,1000028,602,613,2660,1000030,614,616,1000032,618,627,624,2676"
10,160,1,20169.0,5min 28s,34km/h,9min 10s,20km/h,18,500,4200,1856,33400,0.024km,0.319km,0.128km,2.309km,187,3580,1046,18833,23km/h,60km/h,36km/h,2s,29s,12s,3min 40s,3s,32s,14s,4min 9s,"2651,104,954,3332,3333,3330,156604541,956,156604539,101,2950,113,115,1000332,126,3405,603,2661","3082,2651,104,954,3332,3333,3330,156604541,956,156604539,101,2950,113,115,1000332,126,3405,603"
10,160,2,1791.0,7min 11s,32km/h,9min 10s,25km/h,21,500,4200,1686,35400,0.023km,0.379km,0.141km,2.957km,143,3580,979,20553,21km/h,60km/h,31km/h,2s,45s,15s,5min 19s,3s,47s,18s,6min 13s,"3404,130,3079,3080,103,3331,156604538,156604544,3330,156604541,956,156604539,101,2950,113,115,1000332,126,3405,603,2661","3077,3404,130,3079,3080,103,3331,156604538,156604544,3330,156604541,956,156604539,101,2950,113,115,1000332,126,3405,603"
10,170,1,13659.0,3min 45s,43km/h,8min 27s,19km/h,14,500,4200,2414,33800,0.024km,0.319km,0.112km,1.564km,311,3580,1911,26755,20km/h,57km/h,36km/h,2s,26s,9s,2min 1s,3s,45s,13s,2min 57s,"2651,104,954,3332,3333,3330,156604541,956,156604539,101,929,938,678,121","3082,2651,104,954,3332,3333,3330,156604541,956,156604539,101,929,938,678"
10,170,2,10267.0,5min 46s,37km/h,8min 27s,25km/h,21,500,4200,2262,47500,0.019km,0.379km,0.140km,2.930km,143,3580,1847,38781,20km/h,42km/h,31km/h,1s,45s,13s,4min 23s,2s,47s,18s,6min 17s,"3404,130,3079,3080,103,3331,156604538,156604544,3330,156604541,956,156604539,101,929,938,678,116,601,1000028,602,613","3077,3404,130,3079,3080,103,3331,156604538,156604544,3330,156604541,956,156604539,101,929,938,678,116,601,1000028,602"
10,170,3,6983.0,4min 35s,45km/h,8min 27s,24km/h,17,500,4200,2394,40700,0.024km,0.361km,0.154km,2.615km,311,3580,1902,32327,20km/h,59km/h,36km/h,2s,26s,11s,3min 7s,3s,45s,16s,4min 36s,"2651,104,954,3332,3333,3330,156604541,956,156604539,101,929,938,678,116,601,700,600","3082,2651,104,954,3332,3333,3330,156604541,956,156604539,101,929,938,678,116,601,700"
10,170,4,0.038,5min 27s,37km/h,8min 27s,24km/h,17,500,4200,2106,35800,0.023km,0.379km,0.130km,2.212km,143,3580,1675,28475,20km/h,51km/h,30km/h,2s,45s,13s,3min 39s,3s,47s,18s,5min,"3404,130,3079,3080,103,3331,156604538,156604544,3330,156604541,956,156604539,101,929,938,678,121","3077,3404,130,3079,3080,103,3331,156604538,156604544,3330,156604541,956,156604539,101,929,938,678"
10,170,5,0.045,7min 6s,35km/h,8min 26s,29km/h,19,500,4200,1905,36200,0.029km,0.361km,0.159km,3.028km,47,4444,1118,21245,15km/h,60km/h,33km/h,3s,43s,15s,4min 36s,4s,43s,18s,5min 35s,"138,2649,130,139,2743,2744,2746,119,3324,118,931,935,936,938,678,116,601,700,600","137,138,2649,130,139,2743,2744,2746,119,3324,118,931,935,936,938,678,116,601,700"
10,170,6,0.049,6min 48s,31km/h,8min 27s,25km/h,22,500,4200,2109,46400,0.019km,0.379km,0.131km,2.877km,143,3580,1197,26343,21km/h,60km/h,35km/h,1s,45s,13s,4min 43s,2s,47s,15s,5min 35s,"3404,130,3079,3080,103,3331,156604538,156604544,3330,156604541,956,156604539,101,2950,113,115,1000332,126,601,1000028,602,613","3077,3404,130,3079,3080,103,3331,156604538,156604544,3330,156604541,956,156604539,101,2950,113,115,1000332,126,601,1000028,602"
10,180,1,7712.0,5min 50s,41km/h,10min 43s,22km/h,23,500,4200,2387,54900,0.019km,0.361km,0.141km,3.234km,113,3580,1910,43935,20km/h,57km/h,35km/h,1s,39s,11s,4min 11s,2s,52s,16s,6min 5s,"2651,104,954,3332,3333,3330,156604541,956,156604539,101,929,938,678,116,601,1000028,602,613,2660,1000030,614,1046,2912","3082,2651,104,954,3332,3333,3330,156604541,956,156604539,101,929,938,678,116,601,1000028,602,613,2660,1000030,614,1046"
10,190,1,7442.0,6min 16s,46km/h,11min 32s,25km/h,27,500,4200,2619,70700,0.019km,0.361km,0.153km,4.142km,311,3580,2072,55949,20km/h,57km/h,38km/h,1s,26s,10s,4min 36s,2s,45s,15s,6min 52s,"2651,104,954,3332,3333,3330,156604541,956,156604539,101,929,938,678,116,601,1000028,602,613,2660,1000030,614,616,1000032,618,627,626,630","3082,2651,104,954,3332,3333,3330,156604541,956,156604539,101,929,938,678,116,601,1000028,602,613,2660,1000030,614,616,1000032,618,627,626"
10,200,1,11544.0,7min 53s,44km/h,14min 7s,25km/h,34,500,4200,2553,86800,0.019km,0.361km,0.153km,5.185km,311,3580,1934,65772,14km/h,57km/h,38km/h,1s,26s,10s,5min 55s,2s,45s,15s,8min 38s,"2651,104,954,3332,3333,3330,156604541,956,156604539,101,929,938,678,116,601,1000028,602,613,2660,1000030,614,616,1000032,618,627,626,630,2681,631,1000054,2682,1000055,639,2683","3082,2651,104,954,3332,3333,3330,156604541,956,156604539,101,929,938,678,116,601,1000028,602,613,2660,1000030,614,616,1000032,618,627,626,630,2681,631,1000054,2682,1000055,639"
10,210,1,67525.0,11min 45s,30km/h,16min 25s,22km/h,25,500,2000,1104,27600,0.015km,0.484km,0.208km,5.194km,289,1275,597,14931,18km/h,47km/h,28km/h,1s,51s,22s,9min 15s,1s,1min 8s,28s,11min 33s,"2651,104,954,3332,951,105,2657,124,168,2932,165,129,2665,501,2675,513,1000036,529,528,527,2554,542,575,576,2692","3082,2651,104,954,3332,951,105,2657,124,168,2932,165,129,2665,501,2675,513,1000036,529,528,527,2554,542,575,576"
10,220,1,23441.0,11min,29km/h,16min 22s,19km/h,24,500,2000,1079,25900,0.015km,0.484km,0.201km,4.815km,289,1275,595,14279,18km/h,47km/h,28km/h,1s,51s,22s,8min 46s,1s,1min 3s,27s,10min 51s,"2651,104,954,3332,951,105,2657,124,168,2932,165,129,2665,501,2675,513,1000036,529,528,527,2554,542,544,545","3082,2651,104,954,3332,951,105,2657,124,168,2932,165,129,2665,501,2675,513,1000036,529,528,527,2554,542,544"
10,230,1,21864.0,10min 22s,36km/h,16min 14s,23km/h,28,500,2000,1254,35100,0.013km,1.019km,0.202km,5.649km,287,2792,867,24280,13km/h,49km/h,29km/h,1s,2min 2s,18s,8min 34s,3s,2min 23s,27s,12min 44s,"3400,3068,156604566,3714,944,945,939,943,156604571,122,2655,123,2946,164,1000093,500,1000102,2560,502,1000101,504,505,534,535,536,2688,1010541,1011192","3401,3400,3068,156604566,3714,944,945,939,943,156604571,122,2655,123,2946,164,1000093,500,1000102,2560,502,1000101,504,505,534,535,536,2688,1010541"
10,240,1,17238.0,11min 4s,37km/h,17min 48s,23km/h,37,500,4200,2632,97400,0.019km,0.390km,0.163km,6.035km,311,3580,1864,68975,20km/h,57km/h,39km/h,1s,28s,11s,6min 52s,2s,45s,15s,9min 25s,"2651,104,954,3332,3333,3330,156604541,956,156604539,101,929,938,678,116,601,1000028,602,613,2660,1000030,614,616,1000032,618,627,626,630,2681,631,1000054,2682,1000055,639,2686,2635,644,648","3082,2651,104,954,3332,3333,3330,156604541,956,156604539,101,929,938,678,116,601,1000028,602,613,2660,1000030,614,616,1000032,618,627,626,630,2681,631,1000054,2682,1000055,639,2686,2635,644"
10,250,1,12925.0,14min 52s,36km/h,20min 9s,27km/h,42,500,4200,2243,94200,0.019km,0.427km,0.170km,7.133km,47,4444,1405,59027,16km/h,60km/h,37km/h,1s,51s,14s,9min 39s,2s,1min 39s,18s,12min 32s,"10000658,3081,2649,130,139,2743,2744,2746,119,3324,118,931,935,936,938,678,116,601,1000028,602,613,2660,1000030,614,616,1000032,618,627,626,630,2681,631,1000054,2682,1000055,639,2686,2635,644,1000056,645,1010646","3064,10000658,3081,2649,130,139,2743,2744,2746,119,3324,118,931,935,936,938,678,116,601,1000028,602,613,2660,1000030,614,616,1000032,618,627,626,630,2681,631,1000054,2682,1000055,639,2686,2635,644,1000056,645"
10,250,2,10991.0,12min 19s,41km/h,20min 9s,25km/h,39,500,4200,2533,98800,0.019km,0.427km,0.168km,6.566km,311,3580,1818,70893,16km/h,57km/h,38km/h,1s,51s,12s,7min 52s,2s,1min 39s,17s,11min 18s,"2651,104,954,3332,3333,3330,156604541,956,156604539,101,929,938,678,116,601,1000028,602,613,2660,1000030,614,616,1000032,618,627,626,630,2681,631,1000054,2682,1000055,639,2686,2635,644,1000056,645,1010646","3082,2651,104,954,3332,3333,3330,156604541,956,156604539,101,929,938,678,116,601,1000028,602,613,2660,1000030,614,616,1000032,618,627,626,630,2681,631,1000054,2682,1000055,639,2686,2635,644,1000056,645"
10,250,3,0.857,15min 23s,44km/h,20min 9s,33km/h,54,500,4200,2217,119700,0.019km,0.606km,0.183km,9.896km,143,3580,1483,80103,18km/h,50km/h,36km/h,1s,48s,14s,12min 46s,2s,50s,19s,17min 22s,"3404,130,3079,3080,103,3331,156604538,156604544,3330,156604541,956,156604539,101,929,938,678,116,601,1000028,602,613,2660,1000030,614,616,1000032,618,627,626,630,2681,631,1000054,2682,1000055,639,2686,2635,644,648,2696,656,1000059,3510,657,3361,658,269...","3077,3404,130,3079,3080,103,3331,156604538,156604544,3330,156604541,956,156604539,101,929,938,678,116,601,1000028,602,613,2660,1000030,614,616,1000032,618,627,626,630,2681,631,1000054,2682,1000055,639,2686,2635,644,648,2696,656,1000059,3510,657,3361,65..."
10,260,1,8644.0,10min 46s,38km/h,14min 49s,27km/h,29,500,4200,1621,47000,0.031km,0.632km,0.197km,5.703km,47,4444,945,27394,21km/h,60km/h,35km/h,2s,45s,17s,8min 3s,3s,57s,20s,9min 42s,"10000658,3081,2649,130,139,2743,2744,2746,119,3324,118,931,935,936,938,678,116,601,700,3410,701,703,1000334,3409,704,1000336,706,711,2515","3064,10000658,3081,2649,130,139,2743,2744,2746,119,3324,118,931,935,936,938,678,116,601,700,3410,701,703,1000334,3409,704,1000336,706,711"
10,260,2,5956.0,9min 55s,41km/h,14min 50s,28km/h,29,500,4200,1848,53600,0.023km,0.632km,0.199km,5.784km,143,3580,1413,40978,20km/h,59km/h,33km/h,2s,45s,16s,7min 54s,3s,57s,22s,10min 32s,"3404,130,3079,3080,103,3331,156604538,156604544,3330,156604541,956,156604539,101,929,938,678,116,601,700,3410,701,703,1000334,3409,704,1000336,706,711,2515","3077,3404,130,3079,3080,103,3331,156604538,156604544,3330,156604541,956,156604539,101,929,938,678,116,601,700,3410,701,703,1000334,3409,704,1000336,706,711"
10,270,1,6594.0,11min 2s,38km/h,17min 14s,25km/h,26,500,4200,1977,51400,0.024km,1.580km,0.244km,6.337km,181,3580,1482,38525,20km/h,59km/h,36km/h,2s,3min 10s,21s,8min 53s,3s,3min 12s,25s,11min,"2651,104,954,3332,3333,3330,156604541,956,156604539,101,929,938,678,116,601,700,3410,701,703,1000334,3409,704,1000336,706,707,1000338","3082,2651,104,954,3332,3333,3330,156604541,956,156604539,101,929,938,678,116,601,700,3410,701,703,1000334,3409,704,1000336,706,707"
10,280,1,13540.0,4min 33s,42km/h,11min 50s,16km/h,17,500,4200,2253,38300,0.024km,0.319km,0.118km,2.002km,311,3580,1884,32026,9km/h,57km/h,32km/h,2s,26s,9s,2min 31s,3s,1min 22s,20s,5min 40s,"2651,104,954,3332,3333,3330,156604541,956,156604539,101,929,938,930,933,800,3284,801","3082,2651,104,954,3332,3333,3330,156604541,956,156604539,101,929,938,930,933,800,3284"
10,280,2,0.672,7min 6s,33km/h,11min 50s,20km/h,20,500,4200,1685,33700,0.042km,0.359km,0.128km,2.569km,47,4444,1008,20161,9km/h,60km/h,30km/h,3s,43s,13s,4min 18s,4s,1min 22s,21s,6min 53s,"10000658,3081,2649,130,139,2743,2744,2746,119,3324,118,931,935,936,938,930,933,800,3284,801","3064,10000658,3081,2649,130,139,2743,2744,2746,119,3324,118,931,935,936,938,930,933,800,3284"
10,290,1,16195.0,6min 9s,32km/h,8min 57s,22km/h,17,500,2000,882,15000,0.014km,0.713km,0.158km,2.678km,143,1041,525,8917,18km/h,44km/h,30km/h,1s,51s,15s,4min 19s,1s,1min 49s,21s,5min 59s,"3404,130,139,140,2784,141,175,144,157,3665,1000074,2752,158,823,1000066,3545,3266","3077,3404,130,139,140,2784,141,175,144,157,3665,1000074,2752,158,823,1000066,3545"
10,290,2,6354.0,6min 15s,31km/h,8min 57s,21km/h,19,500,2000,921,17500,0.014km,0.713km,0.134km,2.551km,76,1041,491,9336,18km/h,44km/h,30km/h,1s,51s,13s,4min 4s,1s,1min 49s,17s,5min 30s,"10000658,3081,2649,130,139,140,2784,141,175,144,157,3665,1000074,2752,158,823,1000066,3545,3266","3064,10000658,3081,2649,130,139,140,2784,141,175,144,157,3665,1000074,2752,158,823,1000066,3545"
10,290,3,2162.0,6min 12s,34km/h,8min 57s,24km/h,15,500,2000,853,12800,0.014km,0.713km,0.181km,2.710km,77,1041,491,7365,18km/h,44km/h,30km/h,1s,51s,18s,4min 23s,1s,1min 49s,24s,5min 53s,"138,3351,3350,2754,145,144,157,3665,1000074,2752,158,823,1000066,3545,3266","137,138,3351,3350,2754,145,144,157,3665,1000074,2752,158,823,1000066,3545"
10,300,1,16229.0,9min 2s,30km/h,11min 59s,23km/h,22,500,2000,845,18600,0.019km,0.713km,0.176km,3.861km,143,1041,479,10538,18km/h,43km/h,27km/h,1s,51s,19s,6min 53s,2s,1min 49s,24s,8min 56s,"3404,130,139,140,2784,141,175,144,157,3665,1000074,2752,158,823,1003568,824,1000435,825,2823,827,829,3263","3077,3404,130,139,140,2784,141,175,144,157,3665,1000074,2752,158,823,1003568,824,1000435,825,2823,827,829"
10,310,1,18073.0,8min 41s,43km/h,12min 2s,31km/h,21,500,4200,1924,40400,0.013km,1.436km,0.228km,4.793km,143,3152,1140,23940,18km/h,79km/h,37km/h,1s,1min 5s,16s,5min 36s,2s,1min 6s,19s,6min 35s,"3404,130,139,140,2784,141,175,144,157,3665,10000664,966,3336,201,1000006,1000005,202,2779,923,924,3342","3077,3404,130,139,140,2784,141,175,144,157,3665,10000664,966,3336,201,1000006,1000005,202,2779,923,924"
10,310,2,0.406,9min 6s,37km/h,12min 1s,28km/h,23,500,4200,1743,40100,0.013km,1.436km,0.205km,4.710km,76,3152,1045,24027,18km/h,78km/h,35km/h,1s,1min 37s,17s,6min 23s,2s,2min 9s,20s,7min 42s,"10000658,3081,2649,130,139,140,2784,141,175,144,157,3665,10000664,966,3336,201,1000006,1000005,202,2779,923,924,3267","3064,10000658,3081,2649,130,139,140,2784,141,175,144,157,3665,10000664,966,3336,201,1000006,1000005,202,2779,923,924"
10,310,3,0.041,9min 3s,39km/h,12min 1s,30km/h,19,500,4200,1863,35400,0.013km,1.436km,0.256km,4.869km,77,3152,1161,22056,18km/h,78km/h,36km/h,1s,1min 37s,21s,6min 42s,2s,2min 9s,26s,8min 5s,"138,3351,3350,2754,145,144,157,3665,10000664,966,3336,201,1000006,1000005,202,2779,923,924,3267","137,138,3351,3350,2754,145,144,157,3665,10000664,966,3336,201,1000006,1000005,202,2779,923,924"
10,320,1,9015.0,12min 7s,31km/h,15min 34s,24km/h,27,500,2000,759,20500,0.014km,0.713km,0.194km,5.239km,82,1041,430,11609,18km/h,49km/h,29km/h,1s,1min 18s,20s,9min 13s,1s,1min 49s,26s,11min 41s,"3404,130,139,140,2784,141,175,144,157,3665,1000074,2752,158,823,1000066,3545,3266,817,1000365,3269,816,3264,1000361,815,2431,2430,1036","3077,3404,130,139,140,2784,141,175,144,157,3665,1000074,2752,158,823,1000066,3545,3266,817,1000365,3269,816,3264,1000361,815,2431,2430"
10,320,2,1462.0,11min 18s,35km/h,15min 34s,25km/h,31,500,2000,932,28900,0.014km,0.713km,0.198km,6.126km,76,1041,531,16476,18km/h,49km/h,33km/h,1s,51s,17s,8min 34s,1s,1min 49s,23s,11min 38s,"10000658,3081,2649,130,139,140,2784,141,175,144,157,3665,1000074,2752,158,823,1000066,3545,3266,817,3271,803,3272,806,808,2360,156604582,809,1000423,812,3290","3064,10000658,3081,2649,130,139,140,2784,141,175,144,157,3665,1000074,2752,158,823,1000066,3545,3266,817,3271,803,3272,806,808,2360,156604582,809,1000423,812"
10,320,3,0.026,11min 15s,37km/h,15min 34s,27km/h,27,500,2000,896,24200,0.014km,0.713km,0.233km,6.286km,77,1041,537,14505,18km/h,49km/h,33km/h,1s,51s,20s,8min 53s,1s,1min 49s,27s,12min 1s,"138,3351,3350,2754,145,144,157,3665,1000074,2752,158,823,1000066,3545,3266,817,3271,803,3272,806,808,2360,156604582,809,1000423,812,3290","137,138,3351,3350,2754,145,144,157,3665,1000074,2752,158,823,1000066,3545,3266,817,3271,803,3272,806,808,2360,156604582,809,1000423,812"
10,320,4,4308.0,11min 13s,36km/h,15min 33s,26km/h,29,500,2000,910,26400,0.014km,0.713km,0.216km,6.253km,143,1041,554,16057,18km/h,49km/h,33km/h,1s,51s,18s,8min 50s,1s,1min 49s,25s,12min 7s,"3404,130,139,140,2784,141,175,144,157,3665,1000074,2752,158,823,1000066,3545,3266,817,3271,803,3272,806,808,2360,156604582,809,1000423,812,3290","3077,3404,130,139,140,2784,141,175,144,157,3665,1000074,2752,158,823,1000066,3545,3266,817,3271,803,3272,806,808,2360,156604582,809,1000423,812"
10,330,1,7061.0,12min 9s,31km/h,15min 24s,24km/h,24,500,2000,792,19000,0.019km,0.713km,0.226km,5.422km,39,1041,397,9520,18km/h,43km/h,28km/h,1s,1min 15s,25s,10min,2s,1min 49s,30s,11min 54s,"138,3351,3350,2754,145,144,157,3665,1000074,2752,158,823,1003568,824,1000435,825,2823,827,829,10000631,3340,2824,831,1040","137,138,3351,3350,2754,145,144,157,3665,1000074,2752,158,823,1003568,824,1000435,825,2823,827,829,10000631,3340,2824,831"
10,330,2,2271.0,10min 42s,30km/h,15min 24s,21km/h,26,800,2000,908,23600,0.019km,0.713km,0.163km,4.244km,196,1041,474,12323,15km/h,43km/h,27km/h,1s,51s,18s,7min 39s,2s,1min 49s,22s,9min 32s,"138,2649,130,139,140,2784,141,175,144,157,3665,1000074,2752,158,823,1003568,824,1000435,825,2823,827,829,10000631,3340,2824,832","137,138,2649,130,139,140,2784,141,175,144,157,3665,1000074,2752,158,823,1003568,824,1000435,825,2823,827,829,10000631,3340,2824"
10,330,3,0.74,10min 45s,30km/h,15min 24s,21km/h,27,500,2000,870,23500,0.019km,0.713km,0.163km,4.399km,76,1041,427,11540,18km/h,43km/h,28km/h,1s,51s,18s,7min 58s,2s,1min 49s,22s,9min 46s,"10000658,3081,2649,130,139,140,2784,141,175,144,157,3665,1000074,2752,158,823,1003568,824,1000435,825,2823,827,829,10000631,3340,2824,832","3064,10000658,3081,2649,130,139,140,2784,141,175,144,157,3665,1000074,2752,158,823,1003568,824,1000435,825,2823,827,829,10000631,3340,2824"
10,340,1,4412.0,15min 5s,62km/h,16min 15s,57km/h,31,500,4200,1977,61300,0.013km,3.776km,0.432km,13.400km,77,3152,863,26758,18km/h,120km/h,51km/h,1s,1min 53s,24s,12min 9s,2s,1min 54s,25s,13min 4s,"138,3351,3350,2754,145,144,157,3665,10000664,966,3336,201,1000006,1000005,202,2779,923,924,3342,834,835,2578,836,857,849,850,848,1137,2453,2452,2480","137,138,3351,3350,2754,145,144,157,3665,10000664,966,3336,201,1000006,1000005,202,2779,923,924,3342,834,835,2578,836,857,849,850,848,1137,2453,2452"
10,340,2,21935.0,15min 5s,61km/h,16min 15s,56km/h,34,800,4200,1944,66100,0.013km,3.776km,0.385km,13.086km,156,3152,868,29513,15km/h,120km/h,48km/h,1s,1min 53s,20s,11min 31s,2s,1min 54s,22s,12min 26s,"138,2649,130,139,140,2784,141,175,144,157,3665,10000664,966,3336,201,1000006,1000005,202,2779,923,924,3342,834,835,2578,836,857,849,850,848,1137,2453,2452,2480","137,138,2649,130,139,140,2784,141,175,144,157,3665,10000664,966,3336,201,1000006,1000005,202,2779,923,924,3342,834,835,2578,836,857,849,850,848,1137,2453,2452"
10,340,3,2588.0,15min 7s,60km/h,16min 15s,56km/h,35,500,4200,1886,66000,0.013km,3.776km,0.378km,13.240km,76,3152,821,28729,18km/h,120km/h,48km/h,1s,1min 53s,20s,11min 49s,2s,1min 54s,22s,12min 40s,"10000658,3081,2649,130,139,140,2784,141,175,144,157,3665,10000664,966,3336,201,1000006,1000005,202,2779,923,924,3342,834,835,2578,836,857,849,850,848,1137,2453,2452,2480","3064,10000658,3081,2649,130,139,140,2784,141,175,144,157,3665,10000664,966,3336,201,1000006,1000005,202,2779,923,924,3342,834,835,2578,836,857,849,850,848,1137,2453,2452"
10,340,4,0.165,13min 24s,58km/h,16min 18s,48km/h,31,500,4200,2006,62200,0.013km,3.776km,0.387km,11.993km,76,3152,905,28046,18km/h,120km/h,47km/h,1s,1min 53s,20s,10min 29s,2s,1min 54s,22s,11min 22s,"10000658,3081,2649,130,139,140,2784,141,175,144,157,3665,10000664,966,3336,201,1000006,1000005,202,2779,923,924,3342,834,835,2578,836,857,849,850,3301","3064,10000658,3081,2649,130,139,140,2784,141,175,144,157,3665,10000664,966,3336,201,1000006,1000005,202,2779,923,924,3342,834,835,2578,836,857,849,850"
10,340,5,1456.0,13min 18s,59km/h,16min 18s,48km/h,29,500,4200,2059,59700,0.013km,3.776km,0.418km,12.120km,143,3152,953,27627,18km/h,120km/h,48km/h,1s,1min 53s,22s,10min 44s,2s,1min 54s,25s,11min 51s,"3404,130,139,140,2784,141,175,144,157,3665,10000664,966,3336,201,1000006,1000005,202,2779,923,924,3342,834,835,2578,836,857,849,850,3301","3077,3404,130,139,140,2784,141,175,144,157,3665,10000664,966,3336,201,1000006,1000005,202,2779,923,924,3342,834,835,2578,836,857,849,850"
10,340,6,0.045,13min 21s,60km/h,16min 18s,49km/h,27,500,4200,2130,57500,0.013km,3.776km,0.450km,12.152km,77,3152,966,26075,18km/h,120km/h,49km/h,1s,1min 53s,24s,10min 48s,2s,1min 54s,26s,11min 46s,"138,3351,3350,2754,145,144,157,3665,10000664,966,3336,201,1000006,1000005,202,2779,923,924,3342,834,835,2578,836,857,849,850,3301","137,138,3351,3350,2754,145,144,157,3665,10000664,966,3336,201,1000006,1000005,202,2779,923,924,3342,834,835,2578,836,857,849,850"
10,350,1,6141.0,5min 7s,31km/h,6min 17s,25km/h,8,500,800,575,4600,0.055km,0.365km,0.202km,1.616km,133,363,209,1670,27km/h,29km/h,28km/h,7s,44s,24s,3min 14s,7s,45s,26s,3min 25s,"2645,153,3111,154,2632,155,237,3126","3064,2645,153,3111,154,2632,155,237"
10,350,2,39740.0,5min 16s,30km/h,6min 17s,25km/h,8,500,800,575,4600,0.066km,0.365km,0.175km,1.399km,133,363,207,1659,27km/h,29km/h,29km/h,8s,44s,21s,2min 48s,8s,45s,22s,2min 55s,"2642,153,3111,154,2632,155,237,3126","3412,2642,153,3111,154,2632,155,237"
10,360,1,60172.0,4min 21s,30km/h,5min 2s,26km/h,9,500,800,533,4800,0.066km,0.252km,0.151km,1.355km,60,295,191,1715,25km/h,30km/h,28km/h,8s,30s,18s,2min 43s,9s,35s,19s,2min 53s,"138,3351,162,3338,151,147,209,2761,2764","137,138,3351,162,3338,151,147,209,2761"
10,360,2,14458.0,4min 21s,32km/h,5min 2s,28km/h,12,500,2000,675,8100,0.017km,0.252km,0.126km,1.506km,53,290,191,2293,26km/h,30km/h,29km/h,2s,30s,15s,3min 1s,2s,35s,16s,3min 11s,"138,3351,3350,2754,3337,2756,2755,1000025,147,209,2761,2764","137,138,3351,3350,2754,3337,2756,2755,1000025,147,209,2761"
10,370,1,4314.0,5min 51s,31km/h,7min 11s,25km/h,18,500,4200,1594,28700,0.013km,0.379km,0.134km,2.403km,143,3152,1086,19542,18km/h,60km/h,31km/h,1s,45s,13s,3min 58s,2s,47s,17s,5min,"3404,130,139,140,2784,141,175,144,157,3665,10000664,966,3336,201,1000006,1000005,202,1025","3077,3404,130,139,140,2784,141,175,144,157,3665,10000664,966,3336,201,1000006,1000005,202"
10,370,2,3945.0,5min 57s,29km/h,7min 11s,24km/h,20,500,4200,1560,31200,0.013km,0.237km,0.114km,2.276km,76,3152,998,19961,18km/h,60km/h,31km/h,1s,26s,11s,3min 43s,2s,33s,14s,4min 31s,"10000658,3081,2649,130,139,140,2784,141,175,144,157,3665,10000664,966,3336,201,1000006,1000005,202,1025","3064,10000658,3081,2649,130,139,140,2784,141,175,144,157,3665,10000664,966,3336,201,1000006,1000005,202"
10,380,1,9009.0,9min 23s,33km/h,12min 6s,25km/h,30,500,4200,1517,45500,0.013km,0.419km,0.140km,4.190km,76,3152,978,29344,18km/h,60km/h,32km/h,1s,50s,13s,6min 17s,2s,1min,16s,8min 9s,"10000658,3081,2649,130,139,140,2784,141,175,144,157,3665,10000664,966,3336,201,1000006,1000005,202,2779,923,1000004,3120,913,2821,1000002,2819,914,915,1010915","3064,10000658,3081,2649,130,139,140,2784,141,175,144,157,3665,10000664,966,3336,201,1000006,1000005,202,2779,923,1000004,3120,913,2821,1000002,2819,914,915"
10,380,2,10276.0,8min 22s,33km/h,12min 6s,22km/h,22,500,4200,1723,37900,0.013km,0.362km,0.170km,3.749km,77,3152,1153,25362,18km/h,60km/h,33km/h,1s,32s,15s,5min 36s,2s,59s,20s,7min 14s,"138,3351,3350,2754,145,144,157,3665,10000664,966,3336,201,1000006,1000005,202,2779,923,1000004,3120,913,2821,3250","137,138,3351,3350,2754,145,144,157,3665,10000664,966,3336,201,1000006,1000005,202,2779,923,1000004,3120,913,2821"
10,390,1,11228.0,10min 7s,27km/h,11min 27s,24km/h,17,500,2600,818,13900,0.012km,0.813km,0.235km,4.001km,151,1556,325,5517,16km/h,41km/h,28km/h,1s,1min 38s,28s,7min 54s,2s,1min 41s,30s,8min 35s,"2645,136,152,1000045,149,148,205,3129,207,2796,1000022,215,222,2817,926,906,3158","3064,2645,136,152,1000045,149,148,205,3129,207,2796,1000022,215,222,2817,926,906"
10,390,2,19384.0,9min 23s,28km/h,11min 26s,23km/h,16,500,2600,838,13400,0.012km,0.513km,0.217km,3.470km,151,1556,337,5395,16km/h,41km/h,28km/h,1s,1min 2s,26s,6min 50s,2s,1min 8s,28s,7min 32s,"2645,136,152,1000045,149,148,205,3129,207,2796,1000022,215,222,2817,926,3150","3064,2645,136,152,1000045,149,148,205,3129,207,2796,1000022,215,222,2817,926"
10,400,1,16678.0,12min 27s,37km/h,15min 39s,30km/h,30,500,4200,1500,45000,0.013km,2.233km,0.225km,6.748km,143,3152,988,29653,18km/h,60km/h,33km/h,1s,2min 41s,19s,9min 25s,2s,2min 55s,23s,11min 40s,"3404,130,139,140,2784,141,175,144,157,3665,10000664,966,3336,201,1000006,1000005,202,2779,923,1000004,3120,913,2821,1000002,2819,914,905,903,904,1000510","3077,3404,130,139,140,2784,141,175,144,157,3665,10000664,966,3336,201,1000006,1000005,202,2779,923,1000004,3120,913,2821,1000002,2819,914,905,903,904"
10,410,1,6407.0,13min 30s,30km/h,14min 24s,28km/h,25,500,2600,1172,29300,0.012km,1.433km,0.248km,6.193km,63,1556,439,10965,27km/h,49km/h,37km/h,1s,2min 52s,26s,10min 40s,1s,2min 52s,27s,11min 7s,"2645,136,152,1000045,149,148,205,3129,207,2796,1000022,215,222,224,3328,227,228,2815,1000019,2637,230,2811,232,900,3234","3064,2645,136,152,1000045,149,148,205,3129,207,2796,1000022,215,222,224,3328,227,228,2815,1000019,2637,230,2811,232,900"
10,420,1,38102.0,9min 22s,30km/h,11min 33s,24km/h,16,500,2600,988,15800,0.012km,0.484km,0.205km,3.274km,109,1556,357,5714,27km/h,46km/h,31km/h,1s,58s,23s,6min 12s,2s,1min 2s,24s,6min 29s,"2645,136,152,1000045,149,148,205,3129,207,2796,1000022,215,222,224,2816,3156","3064,2645,136,152,1000045,149,148,205,3129,207,2796,1000022,215,222,224,2816"
10,430,1,6363.0,13min 38s,38km/h,14min 37s,35km/h,26,500,2600,1208,31400,0.012km,1.146km,0.276km,7.173km,151,1556,438,11380,27km/h,70km/h,40km/h,1s,1min 1s,24s,10min 11s,1s,1min 2s,25s,10min 38s,"2645,136,152,1000045,149,148,205,3129,207,2796,1000022,215,222,224,3328,227,228,2815,1000019,2637,230,2811,232,2557,10000679,1390","3064,2645,136,152,1000045,149,148,205,3129,207,2796,1000022,215,222,224,3328,227,228,2815,1000019,2637,230,2811,232,2557,10000679"
10,430,2,0.082,11min 43s,32km/h,14min 37s,26km/h,21,500,2600,1310,27500,0.012km,0.494km,0.252km,5.293km,151,1556,530,11129,27km/h,50km/h,36km/h,1s,58s,24s,8min 25s,2s,1min 2s,26s,8min 57s,"2645,136,152,1000045,149,148,205,3129,207,2796,1000022,215,222,224,3328,227,228,229,2810,2556,3371","3064,2645,136,152,1000045,149,148,205,3129,207,2796,1000022,215,222,224,3328,227,228,229,2810,2556"
10,440,1,6927.0,13min 44s,30km/h,14min 53s,28km/h,24,500,2600,1108,26600,0.012km,0.494km,0.268km,6.436km,151,1556,468,11233,27km/h,47km/h,32km/h,1s,58s,28s,11min 24s,2s,1min 2s,31s,12min 13s,"2645,136,152,1000045,149,148,205,3129,207,2796,1000022,215,222,224,3328,227,228,229,1000407,1000408,2385,1000409,1000410,1000411","3064,2645,136,152,1000045,149,148,205,3129,207,2796,1000022,215,222,224,3328,227,228,229,1000407,1000408,2385,1000409,1000410"
10,440,2,0.036,12min 38s,33km/h,14min 53s,28km/h,21,500,2600,1271,26700,0.012km,0.494km,0.260km,5.462km,151,1556,528,11081,27km/h,48km/h,35km/h,1s,58s,25s,8min 50s,2s,1min 2s,27s,9min 25s,"2645,136,152,1000045,149,148,205,3129,207,2796,1000022,215,222,224,3328,227,228,229,2810,2556,3348","3064,2645,136,152,1000045,149,148,205,3129,207,2796,1000022,215,222,224,3328,227,228,229,2810,2556"
10,450,1,5663.0,9min 23s,31km/h,13min 8s,22km/h,13,500,1000,685,8900,0.055km,0.704km,0.268km,3.482km,93,1353,369,4791,14km/h,34km/h,28km/h,7s,1min 24s,29s,6min 18s,7s,1min 50s,37s,8min 2s,"2645,153,3111,154,2632,155,237,218,219,960,3327,3326,3174","3064,2645,153,3111,154,2632,155,237,218,219,960,3327,3326"
10,450,2,4277.0,9min 33s,31km/h,13min 8s,22km/h,15,500,1000,793,11900,0.066km,0.704km,0.235km,3.520km,133,1353,472,7082,14km/h,43km/h,31km/h,8s,1min 24s,23s,5min 48s,8s,1min 50s,31s,7min 40s,"2642,153,3111,154,2632,155,237,218,219,960,3327,3173,319,318,1000106","3412,2642,153,3111,154,2632,155,237,218,219,960,3327,3173,319,318"
10,450,3,10562.0,9min 39s,29km/h,13min 8s,21km/h,15,500,1000,727,10900,0.066km,0.704km,0.257km,3.857km,133,1353,415,6226,14km/h,38km/h,30km/h,8s,1min 24s,27s,6min 46s,8s,1min 50s,34s,8min 36s,"2642,153,3111,154,2632,155,237,218,219,960,3327,3173,319,2742,320","3412,2642,153,3111,154,2632,155,237,218,219,960,3327,3173,319,2742"
10,450,4,1094.0,9min 32s,30km/h,13min 8s,22km/h,13,500,1000,685,8900,0.066km,0.704km,0.251km,3.265km,93,1353,368,4780,14km/h,34km/h,28km/h,8s,1min 24s,27s,5min 52s,8s,1min 50s,35s,7min 32s,"2642,153,3111,154,2632,155,237,218,219,960,3327,3326,3174","3412,2642,153,3111,154,2632,155,237,218,219,960,3327,3326"
10,450,5,0.119,9min 24s,31km/h,13min 8s,23km/h,15,500,1000,793,11900,0.055km,0.704km,0.249km,3.737km,133,1353,473,7093,14km/h,43km/h,31km/h,7s,1min 24s,25s,6min 14s,7s,1min 50s,33s,8min 10s,"2645,153,3111,154,2632,155,237,218,219,960,3327,3173,319,318,1000106","3064,2645,153,3111,154,2632,155,237,218,219,960,3327,3173,319,318"
10,460,1,13290.0,8min 32s,29km/h,11min 3s,22km/h,12,500,1000,708,8500,0.066km,0.704km,0.245km,2.939km,133,1353,416,4997,14km/h,32km/h,27km/h,8s,1min 24s,27s,5min 25s,8s,1min 50s,36s,7min 15s,"2642,153,3111,154,2632,155,237,218,219,960,961,962","3412,2642,153,3111,154,2632,155,237,218,219,960,961"
10,470,1,26629.0,8min 58s,38km/h,13min 58s,25km/h,26,500,4200,1673,43500,0.007km,0.474km,0.181km,4.706km,296,5823,1528,39737,16km/h,42km/h,27km/h,0h,57s,17s,7min 20s,1s,1min,24s,10min 36s,"3400,3068,156604566,3714,944,156604570,3715,156604572,110,10000675,984,991,2641,156604530,431,3320,156604537,432,2800,156604562,3417,156604561,3420,3046,156604560,2799","3401,3400,3068,156604566,3714,944,156604570,3715,156604572,110,10000675,984,991,2641,156604530,431,3320,156604537,432,2800,156604562,3417,156604561,3420,3046,156604560"
10,470,2,3645.0,9min 35s,38km/h,13min 58s,26km/h,28,500,4200,1400,39200,0.007km,0.474km,0.171km,4.794km,181,5823,1277,35743,12km/h,42km/h,25km/h,0h,57s,16s,7min 37s,1s,1min,24s,11min 17s,"3411,2647,2644,132,1000053,133,940,3335,2631,156604572,110,10000675,984,991,2641,156604530,431,3320,156604537,432,2800,156604562,3417,156604561,3420,3046,156604560,2799","3072,3411,2647,2644,132,1000053,133,940,3335,2631,156604572,110,10000675,984,991,2641,156604530,431,3320,156604537,432,2800,156604562,3417,156604561,3420,3046,156604560"
10,470,3,2407.0,9min 34s,38km/h,13min 57s,26km/h,29,500,4200,1448,42000,0.007km,0.474km,0.166km,4.809km,224,5823,1319,38262,12km/h,42km/h,25km/h,0h,57s,16s,7min 38s,1s,1min,23s,11min 19s,"3411,2647,2644,132,1000053,133,940,3335,2631,3715,156604572,110,10000675,984,991,2641,156604530,431,3320,156604537,432,2800,156604562,3417,156604561,3420,3046,156604560,2799","3072,3411,2647,2644,132,1000053,133,940,3335,2631,3715,156604572,110,10000675,984,991,2641,156604530,431,3320,156604537,432,2800,156604562,3417,156604561,3420,3046,156604560"
10,470,4,0.051,8min 6s,35km/h,13min 57s,20km/h,27,500,4200,1556,42000,0.007km,0.511km,0.152km,4.095km,224,5823,1496,40402,12km/h,53km/h,24km/h,0h,1min 1s,12s,5min 28s,1s,1min 20s,22s,9min 57s,"3411,2647,2644,132,1000053,133,940,3335,2631,3715,156604572,110,10000675,984,991,2641,156604530,431,3320,156604537,432,2800,440,326,156604557,3419,3531","3072,3411,2647,2644,132,1000053,133,940,3335,2631,3715,156604572,110,10000675,984,991,2641,156604530,431,3320,156604537,432,2800,440,326,156604557,3419"
10,480,1,27825.0,15min 32s,31km/h,18min 56s,26km/h,24,500,1000,775,18600,0.041km,0.953km,0.292km,7.004km,133,1353,451,10818,14km/h,43km/h,31km/h,3s,1min 24s,28s,11min 15s,4s,1min 50s,36s,14min 29s,"2642,153,3111,154,2632,155,237,218,219,960,3327,3173,319,318,1000106,2741,317,316,312,302,1000381,304,2801,3175","3412,2642,153,3111,154,2632,155,237,218,219,960,3327,3173,319,318,1000106,2741,317,316,312,302,1000381,304,2801"
10,480,2,2035.0,13min 24s,31km/h,18min 56s,22km/h,21,500,1000,814,17100,0.044km,0.953km,0.297km,6.245km,133,1353,507,10653,14km/h,43km/h,31km/h,3s,1min 24s,29s,10min 16s,4s,1min 50s,39s,13min 37s,"2645,153,3111,154,2632,155,237,218,219,960,3327,3173,319,318,1000106,2741,317,316,156604579,301,1000387","3064,2645,153,3111,154,2632,155,237,218,219,960,3327,3173,319,318,1000106,2741,317,316,156604579,301"
10,490,1,0.285,15min 32s,31km/h,19min 13s,25km/h,23,500,1000,800,18400,0.044km,0.953km,0.303km,6.965km,112,1353,459,10556,14km/h,43km/h,31km/h,3s,1min 24s,29s,11min 10s,4s,1min 50s,37s,14min 22s,"2642,153,3111,154,2632,155,237,218,219,960,3327,3173,319,318,1000106,2741,317,316,312,302,1000381,304,303","3412,2642,153,3111,154,2632,155,237,218,219,960,3327,3173,319,318,1000106,2741,317,316,312,302,1000381,304"
10,490,2,9147.0,15min 15s,30km/h,19min 13s,24km/h,23,500,1000,813,18700,0.044km,0.953km,0.297km,6.821km,133,1353,465,10692,14km/h,43km/h,31km/h,3s,1min 24s,30s,11min 25s,4s,1min 50s,38s,14min 37s,"2642,153,3111,154,2632,155,237,218,219,960,3327,3173,319,318,1000106,2741,317,316,156604579,301,156604580,300,3189","3412,2642,153,3111,154,2632,155,237,218,219,960,3327,3173,319,318,1000106,2741,317,316,156604579,301,156604580,300"
10,490,3,0.036,15min 6s,30km/h,19min 13s,24km/h,23,500,1000,813,18700,0.044km,0.953km,0.306km,7.038km,133,1353,465,10703,14km/h,43km/h,31km/h,3s,1min 24s,31s,11min 51s,4s,1min 50s,39s,15min 7s,"2645,153,3111,154,2632,155,237,218,219,960,3327,3173,319,318,1000106,2741,317,316,156604579,301,156604580,300,3189","3064,2645,153,3111,154,2632,155,237,218,219,960,3327,3173,319,318,1000106,2741,317,316,156604579,301,156604580,300"
10,500,1,9279.0,14min 7s,43km/h,21min 7s,29km/h,36,500,4200,1775,63900,0.019km,1.358km,0.258km,9.274km,129,5823,1451,52228,16km/h,60km/h,36km/h,1s,1min 21s,18s,11min 2s,2s,1min 35s,25s,15min 8s,"3400,3068,156604566,3714,944,156604570,3715,156604572,110,10000675,984,991,1000718,156604514,988,986,1000313,429,1000309,428,427,426,410,2715,1000348,1124,2724,401,1000356,1000355,1001,1000354,2804,309,2627,1149","3401,3400,3068,156604566,3714,944,156604570,3715,156604572,110,10000675,984,991,1000718,156604514,988,986,1000313,429,1000309,428,427,426,410,2715,1000348,1124,2724,401,1000356,1000355,1001,1000354,2804,309,2627"
10,500,2,4981.0,14min 44s,43km/h,21min 7s,30km/h,38,500,4200,1568,59600,0.019km,1.358km,0.246km,9.362km,129,5823,1269,48234,12km/h,60km/h,34km/h,2s,1min 21s,18s,11min 19s,2s,1min 35s,25s,15min 49s,"3411,2647,2644,132,1000053,133,940,3335,2631,156604572,110,10000675,984,991,1000718,156604514,988,986,1000313,429,1000309,428,427,426,410,2715,1000348,1124,2724,401,1000356,1000355,1001,1000354,2804,309,2627,1149","3072,3411,2647,2644,132,1000053,133,940,3335,2631,156604572,110,10000675,984,991,1000718,156604514,988,986,1000313,429,1000309,428,427,426,410,2715,1000348,1124,2724,401,1000356,1000355,1001,1000354,2804,309,2627"
10,500,3,4216.0,14min 38s,43km/h,21min 7s,30km/h,34,500,4200,1341,45600,0.019km,1.358km,0.273km,9.297km,129,5823,1077,36609,12km/h,60km/h,34km/h,2s,1min 21s,20s,11min 18s,2s,1min 35s,28s,15min 54s,"3411,2647,2644,132,1000053,133,940,3335,2631,156604572,110,10000675,984,986,1000313,429,1000309,428,427,426,410,2715,1000348,1124,2724,401,1000356,1000355,1001,1000354,2804,309,2627,1149","3072,3411,2647,2644,132,1000053,133,940,3335,2631,156604572,110,10000675,984,986,1000313,429,1000309,428,427,426,410,2715,1000348,1124,2724,401,1000356,1000355,1001,1000354,2804,309,2627"
10,500,4,0.492,13min 57s,42km/h,21min 7s,28km/h,36,500,4200,1375,49500,0.016km,1.358km,0.250km,8.985km,142,5823,1100,39608,12km/h,59km/h,34km/h,1s,1min 21s,18s,10min 44s,2s,1min 35s,26s,15min 23s,"3411,2647,2644,132,1000053,133,940,3335,2631,3715,156604572,110,10000675,984,986,1000313,429,1000309,428,427,426,410,2715,1000348,1124,2724,401,1000356,1000355,1001,1000354,2804,309,2806,306,1177","3072,3411,2647,2644,132,1000053,133,940,3335,2631,3715,156604572,110,10000675,984,986,1000313,429,1000309,428,427,426,410,2715,1000348,1124,2724,401,1000356,1000355,1001,1000354,2804,309,2806,306"
10,500,5,2004.0,14min 37s,43km/h,21min 7s,30km/h,35,500,4200,1383,48400,0.016km,1.358km,0.266km,9.312km,129,5823,1118,39128,12km/h,60km/h,34km/h,1s,1min 21s,19s,11min 19s,2s,1min 35s,27s,15min 56s,"3411,2647,2644,132,1000053,133,940,3335,2631,3715,156604572,110,10000675,984,986,1000313,429,1000309,428,427,426,410,2715,1000348,1124,2724,401,1000356,1000355,1001,1000354,2804,309,2627,1149","3072,3411,2647,2644,132,1000053,133,940,3335,2631,3715,156604572,110,10000675,984,986,1000313,429,1000309,428,427,426,410,2715,1000348,1124,2724,401,1000356,1000355,1001,1000354,2804,309,2627"
10,500,6,0.005,13min 47s,40km/h,21min 7s,26km/h,35,500,4200,1377,48200,0.016km,1.358km,0.250km,8.737km,109,5823,1123,39321,12km/h,59km/h,33km/h,1s,1min 21s,18s,10min 32s,2s,1min 35s,26s,15min 10s,"3411,2647,2644,132,1000053,133,940,3335,2631,3715,156604572,110,10000675,984,986,1000313,429,1000309,428,427,426,410,2715,1000348,1124,2724,401,1000356,1000355,1001,1000354,2804,309,2806,3204","3072,3411,2647,2644,132,1000053,133,940,3335,2631,3715,156604572,110,10000675,984,986,1000313,429,1000309,428,427,426,410,2715,1000348,1124,2724,401,1000356,1000355,1001,1000354,2804,309,2806"
10,510,1,16941.0,9min 32s,37km/h,14min 58s,23km/h,26,500,4200,1842,47900,0.019km,0.790km,0.209km,5.443km,124,5823,1377,35815,16km/h,59km/h,34km/h,1s,57s,16s,6min 52s,2s,1min 33s,23s,9min 52s,"3400,3068,156604566,3714,944,156604570,3715,156604572,110,10000675,984,986,1000313,429,1000309,428,427,426,410,409,10000669,1000304,407,408,2718,2720","3401,3400,3068,156604566,3714,944,156604570,3715,156604572,110,10000675,984,986,1000313,429,1000309,428,427,426,410,409,10000669,1000304,407,408,2718"
10,510,2,0.047,10min 3s,56km/h,14min 58s,38km/h,31,500,4200,2442,75700,0.016km,1.062km,0.272km,8.430km,129,5823,1676,51965,12km/h,80km/h,42km/h,1s,1min 13s,16s,8min 29s,2s,1min 13s,22s,11min 33s,"3411,2647,2644,132,1000053,133,940,3335,2631,3715,156604572,110,10000675,984,991,1000718,156604514,988,989,985,156604587,156604585,444,156604586,156604589,456,3500,416,415,405,404","3072,3411,2647,2644,132,1000053,133,940,3335,2631,3715,156604572,110,10000675,984,991,1000718,156604514,988,989,985,156604587,156604585,444,156604586,156604589,456,3500,416,415,405"
10,520,1,51380.0,6min 11s,36km/h,10min 7s,22km/h,23,500,4200,1639,37700,0.007km,0.398km,0.130km,2.979km,224,5823,1517,34895,12km/h,42km/h,25km/h,0h,45s,12s,4min 25s,1s,54s,20s,7min 35s,"3411,2647,2644,132,1000053,133,940,3335,2631,3715,156604572,110,10000675,984,991,2641,156604530,431,3320,156604535,2634,2736,3050","3072,3411,2647,2644,132,1000053,133,940,3335,2631,3715,156604572,110,10000675,984,991,2641,156604530,431,3320,156604535,2634,2736"
10,520,2,10426.0,5min 35s,36km/h,10min 7s,20km/h,20,500,4200,1960,39200,0.007km,0.398km,0.144km,2.876km,286,5823,1819,36370,16km/h,42km/h,28km/h,0h,45s,12s,4min 7s,1s,54s,21s,6min 52s,"3400,3068,156604566,3714,944,156604570,3715,156604572,110,10000675,984,991,2641,156604530,431,3320,156604535,2634,2736,3050","3401,3400,3068,156604566,3714,944,156604570,3715,156604572,110,10000675,984,991,2641,156604530,431,3320,156604535,2634,2736"
10,520,3,1904.0,6min 37s,37km/h,10min 7s,24km/h,24,500,4200,1592,38200,0.007km,0.398km,0.129km,3.095km,201,5823,1462,35078,12km/h,42km/h,26km/h,0h,45s,12s,4min 39s,1s,54s,20s,7min 50s,"2643,3411,2647,2644,132,1000053,133,940,3335,2631,3715,156604572,110,10000675,984,991,2641,156604530,431,3320,156604535,2634,2736,3050","3412,2643,3411,2647,2644,132,1000053,133,940,3335,2631,3715,156604572,110,10000675,984,991,2641,156604530,431,3320,156604535,2634,2736"
10,520,4,0.526,5min 40s,37km/h,10min 7s,21km/h,23,500,4200,1652,38000,0.007km,0.398km,0.119km,2.730km,224,5823,1524,35061,12km/h,42km/h,25km/h,0h,30s,10s,3min 55s,1s,54s,18s,6min 59s,"3411,2647,2644,132,1000053,133,940,3335,2631,3715,156604572,110,10000675,984,991,2641,156604530,431,3320,156604535,2634,2736,2992","3072,3411,2647,2644,132,1000053,133,940,3335,2631,3715,156604572,110,10000675,984,991,2641,156604530,431,3320,156604535,2634,2736"
10,530,1,44121.0,6min 45s,35km/h,12min 33s,19km/h,19,500,4200,1784,33900,0.019km,0.790km,0.196km,3.719km,341,5823,1740,33061,11km/h,41km/h,26km/h,1s,57s,16s,5min 8s,2s,1min 33s,28s,8min 55s,"3400,3068,156604566,3714,944,156604570,3715,156604572,110,10000675,984,986,1000313,429,1000309,428,435,434,2738","3401,3400,3068,156604566,3714,944,156604570,3715,156604572,110,10000675,984,986,1000313,429,1000309,428,435,434"
10,530,2,3336.0,7min 3s,36km/h,12min 33s,20km/h,20,500,4200,1455,29100,0.019km,0.790km,0.177km,3.538km,181,5823,1450,28995,11km/h,41km/h,23km/h,2s,57s,15s,4min 53s,2s,1min 33s,27s,9min 3s,"3411,2647,2644,132,1000053,133,940,3335,2631,156604572,110,10000675,984,986,1000313,429,1000309,428,435,1000455","3072,3411,2647,2644,132,1000053,133,940,3335,2631,156604572,110,10000675,984,986,1000313,429,1000309,428,435"
10,530,3,0.376,7min 28s,37km/h,12min 33s,22km/h,22,500,4200,1473,32400,0.016km,0.790km,0.167km,3.668km,201,5823,1441,31697,11km/h,41km/h,24km/h,1s,57s,14s,5min 8s,2s,1min 33s,25s,9min 19s,"2643,3411,2647,2644,132,1000053,133,940,3335,2631,3715,156604572,110,10000675,984,986,1000313,429,1000309,428,435,1000455","3412,2643,3411,2647,2644,132,1000053,133,940,3335,2631,3715,156604572,110,10000675,984,986,1000313,429,1000309,428,435"
10,540,1,17391.0,8min 19s,38km/h,13min 5s,24km/h,23,500,4200,1591,36600,0.019km,0.790km,0.202km,4.642km,138,5823,1325,30482,12km/h,59km/h,30km/h,2s,57s,15s,5min 44s,2s,1min 33s,24s,9min 5s,"3411,2647,2644,132,1000053,133,940,3335,2631,156604572,110,10000675,984,986,1000313,429,1000309,428,427,426,410,409,3375","3072,3411,2647,2644,132,1000053,133,940,3335,2631,156604572,110,10000675,984,986,1000313,429,1000309,428,427,426,410,409"
10,540,2,0.278,8min 14s,39km/h,13min 5s,25km/h,25,500,4200,1596,39900,0.016km,0.790km,0.187km,4.685km,224,5823,1377,34421,12km/h,59km/h,31km/h,1s,57s,13s,5min 37s,2s,1min 33s,22s,9min 6s,"3411,2647,2644,132,1000053,133,940,3335,2631,3715,156604572,110,10000675,984,986,1000313,429,1000309,428,427,426,410,2715,1000348,1124","3072,3411,2647,2644,132,1000053,133,940,3335,2631,3715,156604572,110,10000675,984,986,1000313,429,1000309,428,427,426,410,2715,1000348"
10,540,3,0.051,8min 18s,38km/h,13min 5s,24km/h,24,500,4200,1642,39400,0.016km,0.790km,0.194km,4.656km,138,5823,1375,33000,12km/h,59km/h,30km/h,1s,57s,14s,5min 45s,2s,1min 33s,23s,9min 7s,"3411,2647,2644,132,1000053,133,940,3335,2631,3715,156604572,110,10000675,984,986,1000313,429,1000309,428,427,426,410,409,3375","3072,3411,2647,2644,132,1000053,133,940,3335,2631,3715,156604572,110,10000675,984,986,1000313,429,1000309,428,427,426,410,409"
10,550,1,43548.0,7min 27s,38km/h,12min 27s,23km/h,26,500,4200,1977,51400,0.016km,0.619km,0.166km,4.306km,224,5823,1715,44591,12km/h,69km/h,29km/h,1s,1min 14s,14s,5min 54s,2s,1min 57s,22s,9min 36s,"3411,2647,2644,132,1000053,133,940,3335,2631,3715,156604572,110,10000675,984,991,1000718,156604514,988,989,985,156604587,156604585,156604584,443,445,2993","3072,3411,2647,2644,132,1000053,133,940,3335,2631,3715,156604572,110,10000675,984,991,1000718,156604514,988,989,985,156604587,156604585,156604584,443,445"
10,550,2,64249.0,6min 37s,35km/h,12min 27s,19km/h,18,500,4200,1828,32900,0.019km,0.790km,0.189km,3.398km,366,5823,1659,29858,16km/h,38km/h,26km/h,1s,57s,16s,4min 54s,2s,1min 33s,27s,7min 58s,"3400,3068,156604566,3714,944,156604570,3715,156604572,110,10000675,984,986,1000313,429,448,447,2701,2983","3401,3400,3068,156604566,3714,944,156604570,3715,156604572,110,10000675,984,986,1000313,429,448,447,2701"
10,550,3,10930.0,6min 19s,39km/h,12min 26s,20km/h,21,500,4200,1810,38000,0.015km,0.398km,0.128km,2.691km,181,5823,1735,36431,12km/h,51km/h,24km/h,2s,37s,11s,3min 51s,2s,1min 3s,20s,7min 9s,"3411,2647,2644,132,1000053,133,940,3335,2631,156604572,110,10000675,984,991,1000718,156604514,988,989,3416,3414,2979","3072,3411,2647,2644,132,1000053,133,940,3335,2631,156604572,110,10000675,984,991,1000718,156604514,988,989,3416,3414"
10,550,4,0.491,7min 39s,36km/h,12min 27s,22km/h,22,500,4200,1450,31900,0.016km,0.790km,0.164km,3.616km,201,5823,1298,28566,12km/h,38km/h,24km/h,1s,57s,15s,5min 26s,2s,1min 33s,24s,8min 55s,"2643,3411,2647,2644,132,1000053,133,940,3335,2631,3715,156604572,110,10000675,984,986,1000313,429,448,447,2701,2983","3412,2643,3411,2647,2644,132,1000053,133,940,3335,2631,3715,156604572,110,10000675,984,986,1000313,429,448,447,2701"
10,550,5,1389.0,7min 13s,36km/h,12min 27s,21km/h,21,500,4200,1495,31400,0.016km,0.790km,0.167km,3.501km,224,5823,1352,28383,12km/h,38km/h,24km/h,1s,57s,15s,5min 12s,2s,1min 33s,25s,8min 41s,"3411,2647,2644,132,1000053,133,940,3335,2631,3715,156604572,110,10000675,984,986,1000313,429,448,447,2701,2983","3072,3411,2647,2644,132,1000053,133,940,3335,2631,3715,156604572,110,10000675,984,986,1000313,429,448,447,2701"
10,550,6,1022.0,8min 34s,49km/h,12min 27s,34km/h,30,500,4200,2197,65900,0.016km,0.885km,0.198km,5.951km,128,5823,1656,49688,12km/h,75km/h,37km/h,1s,40s,12s,6min 15s,2s,51s,19s,9min 19s,"3411,2647,2644,132,1000053,133,940,3335,2631,3715,156604572,110,10000675,984,991,1000718,156604514,988,989,985,156604587,156604585,444,156604586,156604589,456,455,454,2703,3002","3072,3411,2647,2644,132,1000053,133,940,3335,2631,3715,156604572,110,10000675,984,991,1000718,156604514,988,989,985,156604587,156604585,444,156604586,156604589,456,455,454,2703"
10,560,1,76446.0,8min 52s,49km/h,13min 36s,32km/h,31,500,4200,2190,67900,0.016km,0.885km,0.217km,6.715km,224,5823,1665,51609,12km/h,75km/h,36km/h,1s,40s,14s,7min 16s,2s,51s,21s,10min 47s,"3411,2647,2644,132,1000053,133,940,3335,2631,3715,156604572,110,10000675,984,991,1000718,156604514,988,989,985,156604587,156604585,444,156604586,156604589,456,3500,422,2710,2638,425","3072,3411,2647,2644,132,1000053,133,940,3335,2631,3715,156604572,110,10000675,984,991,1000718,156604514,988,989,985,156604587,156604585,444,156604586,156604589,456,3500,422,2710,2638"
10,560,2,0.255,9min 12s,49km/h,13min 36s,33km/h,31,500,4200,2181,67600,0.016km,0.885km,0.214km,6.648km,111,5823,1645,50986,12km/h,75km/h,37km/h,1s,40s,14s,7min 8s,2s,51s,20s,10min 21s,"3411,2647,2644,132,1000053,133,940,3335,2631,3715,156604572,110,10000675,984,991,1000718,156604514,988,989,985,156604587,156604585,444,156604586,156604589,456,3500,422,2710,2711,3029","3072,3411,2647,2644,132,1000053,133,940,3335,2631,3715,156604572,110,10000675,984,991,1000718,156604514,988,989,985,156604587,156604585,444,156604586,156604589,456,3500,422,2710,2711"
10,570,1,10733.0,7min 58s,51km/h,15min 39s,26km/h,28,500,4200,2557,71600,0.019km,0.885km,0.232km,6.509km,308,5823,1900,53197,14km/h,78km/h,41km/h,1s,40s,14s,6min 41s,2s,51s,21s,9min 44s,"3400,3068,156604566,3714,944,156604570,3715,156604572,110,10000675,984,991,1000718,156604514,988,989,985,156604587,156604585,444,156604586,156604589,456,3500,416,420,3567,1000357","3401,3400,3068,156604566,3714,944,156604570,3715,156604572,110,10000675,984,991,1000718,156604514,988,989,985,156604587,156604585,444,156604586,156604589,456,3500,416,420,3567"
10,580,1,22578.0,8min 29s,58km/h,15min 18s,32km/h,28,500,4200,2757,77200,0.019km,1.062km,0.279km,7.825km,366,5823,1920,53756,16km/h,80km/h,45km/h,1s,48s,15s,7min 11s,2s,51s,21s,9min 51s,"3400,3068,156604566,3714,944,156604570,3715,156604572,110,10000675,984,991,1000718,156604514,988,989,985,156604587,156604585,444,156604586,156604589,456,3500,416,415,405,1000459","3401,3400,3068,156604566,3714,944,156604570,3715,156604572,110,10000675,984,991,1000718,156604514,988,989,985,156604587,156604585,444,156604586,156604589,456,3500,416,415,405"
10,580,2,13490.0,11min 4s,52km/h,15min 18s,38km/h,31,500,4200,2558,79300,0.019km,1.062km,0.285km,8.824km,59,5823,1740,53933,16km/h,80km/h,44km/h,1s,1min 18s,18s,9min 11s,2s,1min 19s,23s,11min 51s,"3400,3068,156604566,3714,944,156604570,3715,156604572,110,10000675,984,991,1000718,156604514,988,989,985,156604587,156604585,444,156604586,156604589,456,3500,416,415,405,1000459,1000458,3568,1940417","3401,3400,3068,156604566,3714,944,156604570,3715,156604572,110,10000675,984,991,1000718,156604514,988,989,985,156604587,156604585,444,156604586,156604589,456,3500,416,415,405,1000459,1000458,3568"
10,580,3,0.029,12min 6s,51km/h,15min 18s,40km/h,35,500,4200,2237,78300,0.016km,1.062km,0.258km,9.043km,59,5823,1504,52641,12km/h,80km/h,40km/h,1s,1min 18s,17s,9min 43s,2s,1min 19s,22s,12min 49s,"2643,3411,2647,2644,132,1000053,133,940,3335,2631,3715,156604572,110,10000675,984,991,1000718,156604514,988,989,985,156604587,156604585,444,156604586,156604589,456,3500,416,415,405,1000459,1000458,3568,1940417","3412,2643,3411,2647,2644,132,1000053,133,940,3335,2631,3715,156604572,110,10000675,984,991,1000718,156604514,988,989,985,156604587,156604585,444,156604586,156604589,456,3500,416,415,405,1000459,1000458,3568"
10,580,4,0.057,11min 40s,51km/h,15min 18s,39km/h,34,500,4200,2288,77800,0.016km,1.062km,0.263km,8.927km,59,5823,1543,52458,12km/h,80km/h,41km/h,1s,1min 18s,17s,9min 29s,2s,1min 19s,22s,12min 34s,"3411,2647,2644,132,1000053,133,940,3335,2631,3715,156604572,110,10000675,984,991,1000718,156604514,988,989,985,156604587,156604585,444,156604586,156604589,456,3500,416,415,405,1000459,1000458,3568,1940417","3072,3411,2647,2644,132,1000053,133,940,3335,2631,3715,156604572,110,10000675,984,991,1000718,156604514,988,989,985,156604587,156604585,444,156604586,156604589,456,3500,416,415,405,1000459,1000458,3568"
10,590,1,0.133,5min 28s,34km/h,9min 54s,19km/h,17,500,4200,1918,32600,0.007km,0.658km,0.159km,2.704km,6,5823,1882,31988,16km/h,38km/h,26km/h,0h,1min 19s,14s,4min 3s,1s,1min 19s,22s,6min 11s,"3400,3068,156604566,3714,944,156604570,3715,156604572,110,10000675,984,991,2641,156604530,431,1128,441","3401,3400,3068,156604566,3714,944,156604570,3715,156604572,110,10000675,984,991,2641,156604530,431,1128"
10,590,2,0.026,6min 4s,34km/h,9min 53s,21km/h,20,500,4200,1555,31100,0.007km,0.658km,0.140km,2.807km,6,5823,1526,30513,12km/h,38km/h,24km/h,0h,1min 19s,13s,4min 21s,1s,1min 19s,21s,6min 54s,"3411,2647,2644,132,1000053,133,940,3335,2631,3715,156604572,110,10000675,984,991,2641,156604530,431,1128,441","3072,3411,2647,2644,132,1000053,133,940,3335,2631,3715,156604572,110,10000675,984,991,2641,156604530,431,1128"
10,600,1,0.128,5min 45s,45km/h,10min 33s,25km/h,22,500,4200,2609,57400,0.019km,0.493km,0.171km,3.759km,6,5823,2142,47133,16km/h,75km/h,37km/h,1s,38s,12s,4min 24s,2s,51s,19s,6min 54s,"3400,3068,156604566,3714,944,156604570,3715,156604572,110,10000675,984,991,1000718,156604514,988,989,985,156604587,156604585,444,156604586,442","3401,3400,3068,156604566,3714,944,156604570,3715,156604572,110,10000675,984,991,1000718,156604514,988,989,985,156604587,156604585,444,156604586"
10,610,1,0.452,19min 3s,37km/h,27min 9s,26km/h,37,500,4200,1451,53700,0.010km,1.358km,0.309km,11.429km,23,5823,1098,40614,16km/h,60km/h,37km/h,1s,2min 11s,24s,14min 31s,1s,2min 11s,30s,18min 42s,"3400,3068,156604566,3714,944,156604570,3715,156604572,110,10000675,984,986,1000313,429,1000309,428,427,426,410,2715,1000348,1124,2724,401,1000356,1000355,1001,1000354,2804,309,2627,1000710,156604578,313,3570,3571,3572","3401,3400,3068,156604566,3714,944,156604570,3715,156604572,110,10000675,984,986,1000313,429,1000309,428,427,426,410,2715,1000348,1124,2724,401,1000356,1000355,1001,1000354,2804,309,2627,1000710,156604578,313,3570,3571"
